symbol,company_name,lat,lon,country,state
ZVO,Zovio,33.3062031,-111.8411851,us,Arizona
ZNH,Frontier Airlines,39.7392364,-104.984862,us,Colorado
ZEUS,Olympic Steel,41.4996574,-81.6936772,us,Ohio
YORW,The Advisory Board Company,38.8950368,-77.0365427,us,District of Columbia
YNDX,Yandex,55.7504461,37.6174943,ru,Москва
XRX,ZeroFox,39.2908816,-76.610759,us,Maryland
XPL,Voltari,40.7127281,-74.0060152,us,New York
XP,XP Inc.,-23.5506507,-46.6333824,br,São Paulo
XONE,The Honest Company,34.0536909,-118.242766,us,California
XLRN,Acceleron Pharma,42.3750997,-71.1056157,us,Massachusetts
WY,Arhaus,41.264778,-81.513171,us,Ohio
WWR,Westwater Resources,39.579155,-104.8769227,us,Colorado
WWD,"Woodward, Inc.",40.5508527,-105.0668085,us,Colorado
WVVI,Willamette Valley Vineyards,44.8431766,-122.9528708,us,Oregon
WTFC,Wintrust Financial,41.9941334,-87.8756737,us,Illinois
WMK,West Marine,26.1223084,-80.1433786,us,Florida
WLTW,Willis Towers Watson,51.5073359,-0.12765,gb,England
WKHS,Workhorse Group,39.2681145,-84.4132779,us,Ohio
WIX,Wix.com,32.0852997,34.7818064,il,
WINA,Winmark,44.9772995,-93.2654692,us,Minnesota
WIA,Xiao-i,31.2323437,121.4691024,cn,
WEYS,Weyco Group,43.1352881,-87.9356423,us,Wisconsin
WETF,WisdomTree Investments,40.6120637,-74.0597827,us,New York
WB,Weibo Corporation,39.9057136,116.3912972,cn,
WAT,Mattersight Corporation,41.8755616,-87.6244212,us,Illinois
WAFD,Washington Federal,47.6038321,-122.330062,us,Washington
VXRT,Vaxart,37.6535403,-122.4168664,us,California
VSEC,VSE Corporation,38.8051095,-77.0470229,us,Virginia
VRNT,Verint Systems,40.7934322,-73.4151214,us,New York
VRNS,Varonis Systems,40.6120637,-74.0597827,us,New York
VOD,Vodafone,51.4020243,-1.3242212,gb,England
VMD,Vimeo,40.7127281,-74.0060152,us,New York
VJET,Voxeljet,48.3551962,10.9786498,de,Bayern
VIRT,Virtu Financial,40.6120637,-74.0597827,us,New York
VIRC,Proterra (bus manufacturer),37.5780965,-122.3473099,us,California
VIAV,Vivid Seats,41.8755616,-87.6244212,us,Illinois
VEON,VEON,52.3730796,4.8924534,nl,Noord-Holland
VECO,Veeco,40.7765026,-73.4670022,us,New York
VCNX,Vaccitech,51.71515385,-1.2213652371635415,gb,England
VCEL,Vericel,42.3750997,-71.1056157,us,Massachusetts
VC,Visteon,42.2207982,-83.4841464,us,Michigan
VALU,Value Line,40.7127281,-74.0060152,us,New York
UTSI,UTStarcom,39.9057136,116.3912972,cn,北京市
URBN,Urban Outfitters,39.9439109,-75.18376416294248,us,Pennsylvania
ULBI,Ultralife Corporation,43.0467301,-77.0952516,us,New York
UI,Ubiquiti,40.7127281,-74.0060152,us,New York
UFPT,UFP Technologies,42.8125913,-70.8772751,us,Massachusetts
UCBI,United Community Bank,34.851354,-82.3984882,us,South Carolina
UBX,Unity Biotechnology,37.6535403,-122.4168664,us,California
UBFO,United Security Bancshares,36.7394421,-119.7848307,us,California
TZOO,Travelzoo,40.7127281,-74.0060152,us,New York
TXN,Meade Instruments,36.9092773,-121.7529071,us,California
TWNK,Hostess Brands,38.9697458,-94.7845837,us,Kansas
TW,Tradeweb,40.6120637,-74.0597827,us,New York
TURN,180 Degree Capital,40.8164458,-74.2210643,us,New Jersey
TTWO,Take-Two Interactive,40.7127281,-74.0060152,us,New York
TTGT,TechTarget,42.3370414,-71.2092214,us,Massachusetts
TTD,The Trade Desk,-23.3401717,-51.1320325,br,Paraná
TSQ,Bsquare,47.6038321,-122.330062,us,Washington
TSM,Actions Semiconductor,22.273734,113.5721327,cn,
TSG,The Stars Group,43.6534817,-79.3839347,ca,Ontario
TRVG,Trivago,51.2254018,6.7763137,de,Nordrhein-Westfalen
TRUP,Trupanion,47.6503869,-122.3066356873096,us,Washington
TRUE,TrueCar,-17.8208949,-63.2152949,bo,Santa Cruz
TRST,TrustCo Bank,42.8682502,-73.9282787,us,New York
TRIL,Trellix,37.4332273,-121.8989248,us,California
TRHC,Taboola,40.6120637,-74.0597827,us,New York
TPL,Jakks Pacific,-17.8208949,-63.2152949,bo,Santa Cruz
TPCO,Wish (company),37.9264347,14.36128934825274,it,Sicilia
TLRY,Tilray,40.7127281,-74.0060152,us,New York
TILE,"Interface, Inc.",33.7489924,-84.3902644,us,Georgia
TEAM,Atlassian,-33.8698439,151.2082848,au,New South Wales
TCX,Tucows,43.6534817,-79.3839347,ca,Ontario
TCOM,Trip.com Group,31.2323437,121.4691024,cn,
TCMD,BlackLine Systems,34.1684364,-118.6058382,us,California
TATT,TAT Technologies,31.8117747,34.7803882,il,
SYKE,Sykes Enterprises,27.9477595,-82.458444,us,Florida
SWTX,Vringo,40.7127281,-74.0060152,us,New York
SWKS,Skyworks Solutions,33.6856969,-117.8259819,us,California
STRT,TTEC,39.6482059,-104.9879641,us,Colorado
STRO,Sutro Biopharma,37.6535403,-122.4168664,us,California
STCN,Steel Connect,35.9824598,-86.5199492,us,Tennessee
SRCE,1st Source,41.6833813,-86.2500066,us,Indiana
SQBG,Sequenom,32.7174202,-117.1627728,us,California
SPTN,SpartanNash,42.81928795,-85.72791602258194,us,Michigan
SPSC,SPS Commerce,44.9772995,-93.2654692,us,Minnesota
SPNS,Sapiens International Corporation,32.01599895,34.78595635978459,il,
SOR,Sourcefire,39.1938429,-76.86460919353361,us,Maryland
SONG,AkzoNobel,52.3730796,4.8924534,nl,Noord-Holland
SNN,Smith & Wesson,42.1018764,-72.5886727,us,Massachusetts
SNFCA,Commercial National Financial,40.317287,-79.3840301,us,Pennsylvania
SNES,SenesTech,33.4484367,-112.074141,us,Arizona
SNE,Sonder Corp.,37.7790262,-122.419906,us,California
SNDR,APC by Schneider Electric,41.4831567,-71.5514497,us,Rhode Island
SMSI,Smith Micro Software,40.4416941,-79.9900861,us,Pennsylvania
SMP,Standard BioTools,37.6535403,-122.4168664,us,California
SLGN,Silgan Holdings,41.0534302,-73.5387341,us,
SLAB,Silicon Labs,30.2711286,-97.7436995,us,
SKYW,"SkyWest, Inc.",37.104153,-113.5841313,us,Utah
SIVB,SVB Financial Group,40.6120637,-74.0597827,us,New York
SILC,Silicom,32.1773471,34.907459,il,מחוז המרכז
SIGI,Erie Insurance Group,42.1539294,-80.0789216,us,Pennsylvania
SIGA,SIGA Technologies,40.7127281,-74.0060152,us,New York
SIFY,Shift Technologies,37.7790262,-122.419906,us,California
SFM,Sprouts Farmers Market,33.675326159007646,-111.96362275735372,us,Arizona
SF,Sterling Financial Corporation,47.6571934,-117.42351,us,Washington
SENEA,Seneca Foods,43.0993,-77.443014,us,New York
SEIC,SEI Investments Company,40.1317722,-75.4596319,us,Pennsylvania
SEDG,SolarEdge,32.1676842,34.83082794429146,il,
SECO,Secoo,39.9057136,116.3912972,cn,
SEAC,SeaChange International,34.48074149999999,-118.1868378638664,us,California
SE,Subsea 7,51.35746445,-0.1736268949695033,gb,England
SDI,Sportradar,47.4250593,9.3765878,ch,Sankt Gallen
SDGR,"Schrödinger, Inc.",40.7127281,-74.0060152,us,New York
SDC,SmileDirectClub,36.1622767,-86.7742984,us,Tennessee
SCKT,AST SpaceMobile,31.9973662,-102.077948,us,
SCHN,Schnitzer Steel,45.5202471,-122.674194,us,Oregon
SBNY,Signature Bank,40.6120637,-74.0597827,us,New York
SBE,Swvl,25.07428235,55.18853865430702,ae,
SBCF,LegacyTexas Bank,33.0136764,-96.6925096,us,Texas
RYAAY,Ryanair,53.4720536,-6.223144166844677,ie,
RWLK,Mazor Robotics,32.505968,34.90621508494272,il,מחוז חיפה
RUTH,Ruth's Hospitality Group,28.5977707,-81.3510264,us,Florida
RTW,Qiwi,35.1748976,33.3638568,cy,
RS,Algoma Steel,46.52391,-84.320068,ca,Ontario
RRGB,BurgerFi,26.1223084,-80.1433786,us,Florida
RMTI,Rockwell Medical,42.5246873,-83.5363637,us,Michigan
RMCF,Rocky Mountain Chocolate Factory,37.2769484,-107.8766,us,Colorado
RMBL,Bumble,30.2711286,-97.7436995,us,
RLGT,Covenant Logistics,35.0457219,-85.3094883,us,Tennessee
RGLS,Regulus Therapeutics,32.7174202,-117.1627728,us,California
RGLD,Royal Gold,39.7392364,-104.984862,us,Colorado
RGEN,Repligen,42.3756401,-71.2358004,us,Massachusetts
REGI,Rent the Runway,40.7127281,-74.0060152,us,New York
REAL,The RealReal,37.7790262,-122.419906,us,California
RDWR,Radware,41.0795325,-74.1594909,us,New Jersey
RDI,Learning Tree International,38.9695316,-77.3859479,us,Virginia
RDFN,Redfin,47.6503869,-122.3066356873096,us,Washington
RDCM,Radcom Ltd,32.0852997,34.7818064,il,
RAIL,FreightCar America,41.8755616,-87.6244212,us,Illinois
RADA,RADA Electronic Industries,32.3286181,34.8566246,il,
QTRX,Merix Corporation,45.4871723,-122.80378,us,Oregon
QRVO,Qorvo,36.0726355,-79.7919754,us,North Carolina
PWFL,PowerFleet,41.0234304,-74.0665297,us,New Jersey
PUYI,Pluri Inc.,32.8191218,34.9983856,il,מחוז חיפה
PTON,Peloton Interactive,40.7127281,-74.0060152,us,New York
PTCT,PTC Therapeutics,40.5792701,-74.4115401,us,New Jersey
PRIM,Primoris Services Corporation,32.7762719,-96.7968559,us,
PRFT,Perficient,38.6280278,-90.1910154,us,Missouri
PRAH,OPKO Health,25.7741728,-80.19362,us,Florida
PPSI,ReNew Power,28.42826235,77.00270014657752,in,Haryana
PPC,Pilgrim's Pride,40.4233142,-104.7091322,us,Colorado
PPBI,Pacific Premier Bancorp,33.6856969,-117.8259819,us,California
PNBK,California First National Bancorp,33.6856969,-117.8259819,us,California
PLUS,ePlus,38.9695316,-77.3859479,us,Virginia
PLG,Metalink Ltd.,32.2485734,34.842087,il,
PLCE,The Children's Place,40.7899291,-74.0566735,us,New Jersey
PLAB,Photronics Inc,41.4825947,-73.4095652,us,
PK,Park Hotels & Resorts,38.9191272,-77.22296360086021,us,Virginia
PII,Polestar,57.7072326,11.9670171,se,
PI,Impinj,47.6038321,-122.330062,us,Washington
PHIO,Phio Pharmaceuticals,42.3459271,-71.5522874,us,Massachusetts
PGTI,Health Insurance Innovations,27.9477595,-82.458444,us,Florida
PGP,Global Sources,22.2793278,114.1628131,cn,
PFBI,Premier Financial,41.3203058,-84.5084835,us,Ohio
PEIX,Pacific City Bank,34.0536909,-118.242766,us,California
PDFS,PDF Solutions,37.2333253,-121.6846349,us,California
PDD,Pinduoduo,31.2323437,121.4691024,cn,
PDCO,Patterson Companies,44.8835768,-93.1382749,us,Minnesota
PCYG,Park City Group,40.7596198,-111.886797,us,Utah
PCH,PotlatchDeltic,47.6571934,-117.42351,us,Washington
PCB,PCSB Bank,41.3973335,-73.6171915,us,New York
PBR,Eletrobras,-22.9110137,-43.2093727,br,Rio de Janeiro
PAYC,Momo (software),39.9057136,116.3912972,cn,
PATI,Pathward,43.5488256,-96.7307737,us,South Dakota
PAG,Gentex (automotive manufacturer),42.8124349,-86.0288167,us,Michigan
PACB,Pacific Biosciences,37.4519671,-122.177992,us,California
PAA,Plains All American Pipeline,29.7589382,-95.3676974,us,
OTTR,Otter Tail Corporation,46.283015,-96.077558,us,Minnesota
OTEX,OpenText,43.4652699,-80.5222961,ca,Ontario
OSPN,OneSpan,41.8755616,-87.6244212,us,Illinois
OSIS,OSI Systems,33.9188589,-118.3483256,us,California
ORMP,Oramed,31.79592425,35.21198075969497,il,
ORAN,Diamond Management & Technology Consultants,41.8755616,-87.6244212,us,Illinois
OPB,Busey Bank,40.1164841,-88.2430932,us,Illinois
ONVO,Organovo,32.7174202,-117.1627728,us,California
ONTO,Westport Innovations,49.2608724,-123.113952,ca,British Columbia
ONCS,ATS Medical,44.9772995,-93.2654692,us,Minnesota
OMEX,Odyssey Marine Exploration,27.9477595,-82.458444,us,Florida
OMCL,Omnicell,32.6992189,-117.1128086,us,California
OMAB,Grupo Aeroportuario Centro Norte,25.6802019,-100.315258,mx,Nuevo León
OESX,Orion Energy Systems,44.0998341,-87.827992,us,Wisconsin
OCC,Optical Cable Corporation,37.270973,-79.9414313,us,Virginia
NXPI,NXP Semiconductors,51.4063404,5.4585347,nl,Noord-Brabant
NX,Beacon Building Products,38.9695316,-77.3859479,us,Virginia
NWS,News Corp,40.75866945,-73.98237558133278,us,New York
NWE,NorthWestern Corporation,43.5488256,-96.7307737,us,South Dakota
NWBI,Northwest Bank,41.8119602,-79.2654452,us,Pennsylvania
NVMI,Nova Measuring Instruments,31.8930644,34.80340932920801,il,
NTN,BuzzFeed,40.6120637,-74.0597827,us,New York
NTLA,Intellia Therapeutics,42.3750997,-71.1056157,us,Massachusetts
NTES,NetEase,30.2489634,120.2052342,cn,
NSSC,Napco Security Technologies,40.6789893,-73.4170673,us,New York
NSIT,Insight Enterprises,33.4255117,-111.9400164,us,Arizona
NSA,Surgical Care Affiliates,42.1711365,-87.8445119,us,Illinois
NRC,National Research Corporation,40.8088861,-96.7077751,us,Nebraska
NOW,EXL Service,40.6120637,-74.0597827,us,New York
NMRD,Nemaura Medical,52.7723859,-1.2077985,gb,England
NICE,NICE Ltd.,32.1861481,34.8675905,il,
NHA,SoundHound,37.2333253,-121.6846349,us,California
NFH,Clover Health,35.925206,-86.8689419,us,Tennessee
NEM,DallasNews Corporation,32.7762719,-96.7968559,us,
NEE,Nexters,34.6852901,33.0332657,cy,Κύπρος
NDLS,Noodles & Company,43.0349931,-87.922497,us,Wisconsin
NDAQ,"Nasdaq, Inc.",40.7097367,-74.01085699585923,us,New York
NCTY,The9,31.2323437,121.4691024,cn,
NCMI,National CineMedia,39.579155,-104.8769227,us,Colorado
NBTB,NBT Bank,42.531184,-75.5235149,us,New York
NATR,Nature's Sunshine Products,40.3881114,-111.8486019,us,Utah
NATH,Nathan's Famous,40.7920441,-73.5398476,us,New York
NAII,Natural Alternatives International,33.1580933,-117.3505966,us,California
MYOV,Roivant Sciences,47.5581077,7.5878261,ch,Basel-Stadt
MYL,Mylan,40.2625702,-80.1872797,us,Pennsylvania
MYGN,Myriad Genetics,40.7596198,-111.886797,us,Utah
MTX,Mindspeed Technologies,33.6170092,-117.9294401,us,California
MTSC,MTS Systems Corporation,44.8546856,-93.470786,us,Minnesota
MTLS,Materialise NV,50.879202,4.7011675,be,Vlaams-Brabant
MTEX,Mannatech,33.0283854,-97.0867203,us,
MSTR,MicroStrategy,38.9191272,-77.22296360086021,us,Virginia
MSFT,Microsemi,33.5761376,-117.7258122,us,California
MRIN,Marin Software,37.7790262,-122.419906,us,California
MRCY,Mercury Systems,42.65717,-71.1408776,us,Massachusetts
MPWR,Monolithic Power Systems,47.646561,-122.1977916,us,Washington
MOD,ModivCare,33.7489924,-84.3902644,us,Georgia
MOBL,MobileIron,37.3893889,-122.0832101,us,California
MNKD,MannKind Corporation,41.394817,-73.4540111,us,
MMYT,MakeMyTrip,28.4646148,77.0299194,in,Haryana
MMI,Merck Millipore,42.5048167,-71.1956111,us,Massachusetts
MITK,Mitel,45.4208777,-75.6901106,ca,Ontario
MGYR,Magyar Bank,40.4862174,-74.4518173,us,New Jersey
MGTA,Maxygen,37.4863239,-122.232523,us,California
MGP,Arrival (company),51.5073359,-0.12765,gb,England
MGI,MoneyGram,32.7762719,-96.7968559,us,
MESA,Mesa Air Group,33.4484367,-112.074141,us,Arizona
MELI,Mercado Libre,-34.9058916,-56.1913095,uy,Montevideo
MEDP,Medpace,39.3397864,-84.2166989,us,Ohio
MDU,GCI (company),61.2163129,-149.894852,us,Alaska
MDIA,Mediacom,41.4092605,-74.1951475,us,New York
MDCA,MDC Partners,40.7127281,-74.0060152,us,New York
MD,Medarex,40.3492744,-74.6592958,us,New Jersey
MCRI,Monday.com,32.0852997,34.7818064,il,מחוז תל אביב
MCBS,Metro City Bank,33.8981579,-84.2832564,us,Georgia
MC,Kelso & Company,40.7127281,-74.0060152,us,New York
MBT,Mobileye,31.79592425,35.21198075969497,il,מחוז ירושלים
MBRX,Molex,41.801159,-88.0747687,us,Illinois
MBNKP,Medivation,37.7790262,-122.419906,us,California
MACK,Merrimack Pharmaceuticals,42.3750997,-71.1056157,us,Massachusetts
LYL,DragonWave,45.4208777,-75.6901106,ca,Ontario
LXRX,Lexicon Pharmaceuticals,30.1734194,-95.504686,us,
LUV,Amyris (company),37.8314089,-122.2865266,us,California
LUNA,Luna Innovations,37.270973,-79.9414313,us,Virginia
LULU,Lululemon Athletica,49.2608724,-123.113952,ca,British Columbia
LSTR,Landstar System,30.3321838,-81.655651,us,Florida
LSCC,Ceva (semiconductor company),39.0817985,-77.1516844,us,Maryland
LPLA,LPL Financial,32.7174202,-117.1627728,us,California
LOVE,LoveSac,41.0534302,-73.5387341,us,
LOV,Starent Networks,42.6106479,-71.2342248,us,Massachusetts
LORL,Loral Space & Communications,40.74932325,-73.97589050171247,us,New York
LOGC,SomaLogic,40.0149856,-105.270545,us,Colorado
LOCO,El Pollo Loco (United States),33.6633386,-117.903317,us,California
LOB,Live Oak Bank,34.2257282,-77.9447107,us,North Carolina
LNDC,23andMe,37.6535403,-122.4168664,us,California
LFUS,Littelfuse,41.8755616,-87.6244212,us,Illinois
LEE,Lee Enterprises,41.5235808,-90.5770967,us,Iowa
LECO,Lincoln Electric,41.5931049,-81.5267873,us,Ohio
LE,Lands' End,42.9600059,-90.1304461,us,Wisconsin
LCII,Siliconware Precision Industries,24.163162,120.6478282,tw,
LAUR,Laureate Education,25.7741728,-80.19362,us,Florida
KXIN,Li Auto,39.9057136,116.3912972,cn,
KTOS,Kratos Defense & Security Solutions,38.5810606,-121.493895,us,California
KRUS,Kura Sushi,34.5289178,135.5015548,jp,
KRO,Monster Worldwide,40.7127281,-74.0060152,us,New York
KPTI,Spark Therapeutics,39.9527237,-75.1635262,us,Pennsylvania
KOSS,Koss Corporation,43.0349931,-87.922497,us,Wisconsin
KNX,Knightscope,32.6992189,-117.1128086,us,California
KNDI,Kandi Technologies,29.1080344,119.6486487,cn,
KMPR,CorVel Corporation,33.6856969,-117.8259819,us,California
KLAC,KLA Corporation,37.4332273,-121.8989248,us,California
KINS,Kingstone Companies,40.6431591,-73.6956865,us,New York
KIDS,Orthopediatrics,41.2381017,-85.8530544,us,Indiana
KELYA,Kelly Services,42.563093,-83.1310869,us,Michigan
KDP,Pepper Lunch,35.6812665,139.757653,jp,
KBAL,Kimball International,41.0321808,-87.1066598,us,Indiana
KALU,Kaiser Aluminum,35.925206,-86.8689419,us,Tennessee
JMIA,Luminar Technologies,28.5421109,-81.3790304,us,Florida
JDD,Ziff Davis,40.6120637,-74.0597827,us,New York
JD,JD.com,39.9057136,116.3912972,cn,北京市
ITRN,Ituran,32.0852997,34.7818064,il,מחוז תל אביב
ITRI,Itron,47.6681145,-117.104865,us,Washington
ITI,Iteris,33.71148395,-117.84615451369616,us,California
ISDR,DirecTV,33.917028,-118.4156337,us,California
IRWD,Ironwood Pharmaceuticals,42.3554334,-71.060511,us,Massachusetts
IOSP,Innospec,39.7837304,-100.445882,us,Kansas
INOD,Innodata,40.8871438,-74.0410865,us,New Jersey
INO,Inovio Pharmaceuticals,40.102332,-75.2743467,us,Pennsylvania
INBK,First Internet Bancorp,39.7683331,-86.1583502,us,Indiana
IMGN,ImmunoGen,42.3756401,-71.2358004,us,Massachusetts
IKNX,InfoSonics Corporation,32.7174202,-117.1627728,us,California
IID,Voxx International,28.375221,-81.3094426,us,Florida
IGIC,eHealthInsurance,37.2333253,-121.6846349,us,California
IEP,Icahn Enterprises,25.9426915,-80.1218486,us,Florida
IDEX,Ideanomics,40.7127281,-74.0060152,us,New York
IDCC,InterDigital,39.7459468,-75.546589,us,Delaware
ICUI,ICU Medical,33.4270275,-117.6124179,us,California
ICPT,Intercept Pharmaceuticals,40.7970382,-74.4809868,us,New Jersey
ICFI,ICF International,38.9530559,-77.35021396591173,us,Virginia
IBOC,International Bancshares Corporation,27.5236998,-99.497352,us,
IBM,Royal Business Bank,34.0536909,-118.242766,us,California
IBCP,Open Bank,34.0536909,-118.242766,us,California
HWC,Hancock Whitney,30.3674198,-89.0928155,us,Mississippi
HVT,Faraday Future,34.0536909,-118.242766,us,California
HUBG,Hub Group,41.8328085,-87.9289504,us,Illinois
HTHT,Huazhu Hotels Group,31.0018463,121.4212662,cn,
HTH,Angi Inc.,39.7392364,-104.984862,us,Colorado
HTBX,Heat Biologics,35.824341,-78.8300321,us,North Carolina
HTBI,HomeTrust Bancshares,35.6009498,-82.5540161,us,North Carolina
HROW,Harrow Health,36.1622767,-86.7742984,us,Tennessee
HPE,Paccar,47.6144219,-122.192337,us,Washington
HNW,Payoneer,40.6120637,-74.0597827,us,New York
HMST,TheStreet,40.7127281,-74.0060152,us,New York
HIBB,Hibbett Sports,33.5206824,-86.8024326,us,Alabama
HCKT,Acme Packet,42.4917301,-71.2817947,us,Massachusetts
HAYN,Haynes International,40.4864444,-86.1336351,us,Indiana
HAFC,Hanmi Bank,34.0536909,-118.242766,us,California
HA,Hawaiian Airlines,21.304547,-157.855676,us,Hawaii
GYC,ALCO Stores,32.9552598,-97.0155703,us,
GVP,GSE Systems,39.365992,-76.9688737,us,Maryland
GSIT,"MIND Technology, Inc.",30.7235263,-95.5507771,us,Texas
GRTS,Verastem Oncology,42.2802645,-71.2360624,us,Massachusetts
GRFS,Grifols,41.3828939,2.1774322,es,Catalunya
GOGO,Gogoro,24.9929995,121.3010003,tw,
GOGL,Golden Ocean Group,32.2956076,-64.7827048,bm,
GNUS,Genius Brands,34.0696501,-118.3963062,us,California
GNTX,Genset Corporation,48.8534951,2.3483915,fr,Île-de-France
GM,GreenPower Motor Company,49.2608724,-123.113952,ca,British Columbia
GLDD,Great Lakes Dredge and Dock Company,29.7589382,-95.3676974,us,
GILT,Gilat Satellite Networks,32.0877639,34.8859985,il,מחוז המרכז
GILD,Gilead Sciences,37.5600336,-122.2688522,us,California
GIII,G-III Apparel Group,40.6120637,-74.0597827,us,New York
GGAL,Grupo Financiero Galicia,-34.6075682,-58.4370894,ar,Ciudad Autónoma de Buenos Aires
GFED,Broadway Federal Bank,34.0536909,-118.242766,us,California
GEOS,Geospace Technologies,29.7589382,-95.3676974,us,
GDP,GoodRx,34.0194704,-118.491227,us,California
GCBC,Bank of Greene County,42.21657544999999,-73.86419206191073,us,New York
GAIN,Compugen (company),32.01599895,34.78595635978459,il,מחוז תל אביב
FUV,Arcimoto,44.0505054,-123.0950506,us,Oregon
FULT,Fulton Financial Corporation,40.03813,-76.3056686,us,Pennsylvania
FSV,FirstService,43.6534817,-79.3839347,ca,Ontario
FSLR,Ascent Solar,39.8695516,-104.985181,us,Colorado
FRME,First Merchants Corporation,40.1936892,-85.3865271,us,Indiana
FRG,Franchise Group,40.2317686,-82.9651045,us,Ohio
FPH,AvePoint,40.7215682,-74.047455,us,New Jersey
FORTY,Formula Systems,32.0309712,34.8523936,il,מחוז תל אביב
FOLD,Amicus Therapeutics,39.9527237,-75.1635262,us,Pennsylvania
FOCS,Focus Financial Partners,40.7127281,-74.0060152,us,New York
FLXN,Flexion Therapeutics,36.0956918,-79.4377991,us,North Carolina
FLT,NetSol Technologies,34.1446643,-118.644097,us,California
FLL,Full House Resorts,36.1410313,-115.329197,us,Nevada
FIVE,Five Below,39.9527237,-75.1635262,us,Pennsylvania
FGBI,First Guaranty Bank,30.5043583,-90.4611995,us,Louisiana
FFIN,First Financial Bank,39.4667025,-87.4139119,us,Indiana
FFC,GTx Incorporated,35.1460249,-90.0517638,us,Tennessee
FF,Futu,22.2850394,114.1583819,cn,香港 Hong Kong
FELE,Franklin Electric,41.0799898,-85.1386015,us,Indiana
FCEL,FuelCell Energy,41.394817,-73.4540111,us,
FCCY,1st Constitution Bancorp,40.3099385,-74.51772241230152,us,New Jersey
FAT,FAT Brands,34.0696501,-118.3963062,us,California
FAMI,Farmmi,31.6506882,119.0262399,cn,江苏省
EYES,Sevcon,54.9625789,-1.6019294,gb,England
EXTR,Extreme Networks,35.824341,-78.8300321,us,North Carolina
EXPE,Expedia Group,47.6503869,-122.3066356873096,us,Washington
EXPD,Expeditors International,47.6038321,-122.330062,us,Washington
EXAS,Material Sciences Corporation,42.7269261,-84.6433146,us,Michigan
EWBC,East West Bank,34.1476452,-118.1444779,us,California
EVRI,Diversey Holdings,35.0073697,-80.9450759,us,South Carolina
EVI,EVgo,-16.5867477,-72.7388789,pe,Arequipa
EVGBC,Just Eat Takeaway.com,52.3730796,4.8924534,nl,Noord-Holland
EVFM,Evotec,53.550341,10.000654,de,
EVER,EverQuote,42.3750997,-71.1056157,us,Massachusetts
EVA,Onvia,47.6038321,-122.330062,us,Washington
ESTE,Capstone Green Energy,34.1866193,-118.4486675,us,California
ESPR,Esperion Therapeutics,42.2681569,-83.7312291,us,Michigan
ESLT,Elbit Systems,32.8191218,34.9983856,il,מחוז חיפה
ESBK,Carver Federal Savings Bank,40.7127281,-74.0060152,us,New York
ERII,Energy Recovery,37.7249296,-122.1560768,us,California
ERIC,Ericsson,59.403311,17.9442849,se,
EQIX,Equinix,37.4863239,-122.232523,us,California
EML,The Eastern Company,41.4928044,-73.0521981,us,
EKSO,Ekso Bionics,37.9735346,-122.5310874,us,California
EIGR,Statera BioPharma,40.5508527,-105.0668085,us,Colorado
EH,EHang,23.1237625,113.33872147345546,cn,广东省
EGAN,eGain,37.3688301,-122.036349,us,California
EDU,Art Technology Group,42.3750997,-71.1056157,us,Massachusetts
EDIT,Editas Medicine,42.3750997,-71.1056157,us,Massachusetts
ED,Edgio,33.4255117,-111.9400164,us,Arizona
ECPG,Encore Capital Group,32.7174202,-117.1627728,us,California
EBMT,EagleBank,38.98127255,-77.12335871396549,us,Maryland
EAT,Tremor International,40.7127281,-74.0060152,us,New York
EA,Electronic Arts,37.4863239,-122.232523,us,California
DUK,Gravity (Korean company),37.5666791,126.9782914,kr,
DT,"Braze, Inc.",40.6120637,-74.0597827,us,New York
DSS,Curiosity Stream,38.9997621,-77.02403709829767,us,Maryland
DSKE,Daseke,41.931696,-87.9889556,us,Illinois
DSGX,Descartes Systems Group,43.4652699,-80.5222961,ca,Ontario
DPZ,Pizza Inn,33.0890094,-96.8863922,us,
DOYU,Internet Gold Golden Lines,30.8124247,34.8594762,il,מחוז הדרום
DNKN,Dunkin' Brands,42.1584324,-71.1447732,us,Massachusetts
DMRC,Digimarc,45.45776214999999,-122.79203469392294,us,Oregon
DJCO,Daily Journal Corporation,34.0536909,-118.242766,us,California
DIOD,Diodes Incorporated,33.0136764,-96.6925096,us,Texas
DHC,Diversified Global Graphics Group,40.7215682,-74.047455,us,New Jersey
DGII,Digi International,44.9271194,-93.4074945,us,Minnesota
DDOG,Datadog,40.6120637,-74.0597827,us,New York
DDD,A123 Systems,30.2489634,120.2052342,cn,浙江省
DBD,Docebo,43.6534817,-79.3839347,ca,Ontario
DAKT,Daktronics,44.311461,-96.79844,us,South Dakota
DAIO,Data I/O,47.6188947,-122.1779501,us,Washington
CYBR,CyberArk,42.3370414,-71.2092214,us,Massachusetts
CYAN,Cyanotech,19.641941,-155.996933,us,Hawaii
CWST,Casella Waste Systems,43.6084792,-72.9724768,us,Vermont
CWBC,Community West Bancshares,34.4358295,-119.8276389,us,California
CTRN,Citi Trends,32.0790074,-81.0921335,us,Georgia
CTLT,"Cantaloupe, Inc.",40.036202,-75.5138959,us,Pennsylvania
CTHR,Charles & Colvard,35.90569775,-78.87482418022022,us,North Carolina
CTG,Computer Task Group,42.8867166,-78.8783922,us,New York
CSTE,Caesarstone,32.4921593,34.8933053,il,מחוז חיפה
CSIQ,Canadian Solar,43.5460516,-80.2493276,ca,Ontario
CSCO,Micros Systems,39.1938429,-76.86460919353361,us,Maryland
CRTO,Criteo,48.8534951,2.3483915,fr,Île-de-France
CRSP,CRISPR Therapeutics,47.1486137,8.5539378,ch,Zug
CRNT,Ceragon,32.0852997,34.7818064,il,מחוז תל אביב
CRNC,Cherokee Inc.,34.1508718,-118.4489865,us,California
CREG,China Recycling Energy Corporation,34.2607713,108.9423443,cn,陕西省
CPE,Berry Petroleum Company,32.7762719,-96.7968559,us,
CPAC,Vacasa,45.5202471,-122.674194,us,Oregon
COUP,PTC (software company),42.3554334,-71.060511,us,Massachusetts
CORT,Corcept Therapeutics,37.4519671,-122.177992,us,California
COHN,Kohlberg & Company,41.2042616,-73.7270761,us,New York
CNXN,PC Connection,43.3260376,-71.6854725,us,New Hampshire
CNTY,Century Casinos,38.8339578,-104.825348,us,Colorado
CNI,Canaan Creative,39.9057136,116.3912972,cn,北京市
CNBKA,U.S. Century Bank,25.8195424,-80.3553302,us,Florida
CMTL,ADC Telecommunications,40.2663107,-76.8861122,us,Pennsylvania
CMPR,Cimpress,54.0033615,-6.39199961126268,ie,
CMLS,Ku6 Media,39.9057136,116.3912972,cn,北京市
CMG,Kona Grill,39.7392364,-104.984862,us,Colorado
CME,CME Group,41.8755616,-87.6244212,us,Illinois
CMBM,Cambium Networks,42.0841936,-88.0131275,us,Illinois
CM,International Bank of Commerce,27.5236998,-99.497352,us,
CLRB,Aclara Biosciences,37.3893889,-122.0832101,us,California
CL,Move (company),37.2333253,-121.6846349,us,California
CIGI,Colliers (company),43.6534817,-79.3839347,ca,Ontario
CHSCL,CHS Inc.,44.8479039,-93.0428119,us,Minnesota
CGNX,Cognex Corporation,42.2836393,-71.346996,us,Massachusetts
CFB,Vista Bank,32.7762719,-96.7968559,us,
CECE,CECO Environmental,32.7762719,-96.7968559,us,
CDTX,Windtree Therapeutics,40.2492741,-75.1340604,us,Pennsylvania
CCOI,Rigetti Computing,37.8708393,-122.272863,us,California
CCEP,Coca-Cola Europacific Partners,51.5449509,-0.4816672,gb,England
CBU,CommunityOne Bank,35.2272086,-80.8430827,us,North Carolina
CBSH,BigCommerce,30.2711286,-97.7436995,us,
CBRL,Cracker Barrel,36.2079779,-86.2910945,us,Tennessee
CBIO,Oatly,55.6052931,13.0001566,se,
CATY,Cathay Bank,34.0536909,-118.242766,us,California
CATB,Catabasis Pharmaceuticals,42.3750997,-71.1056157,us,Massachusetts
CASY,Casey's,41.7320796,-93.605092,us,Iowa
CARE,Monroe Bank & Trust,41.9153358,-83.5135665,us,Michigan
CAR,Avis Budget Group,40.8578772,-74.4259866,us,New Jersey
CAL,"Ceres, Inc.",34.1705609,-118.8375937,us,California
CACC,Credit Acceptance,42.4733689,-83.2218731,us,Michigan
BWAY,Brainsway,42.5048167,-71.1956111,us,Massachusetts
BVXV,BiondVax,31.79592425,35.21198075969497,il,מחוז ירושלים
BVSN,Broadvision,37.4863239,-122.232523,us,California
BTE,SimCorp,55.6867243,12.5700724,dk,Region Hovedstaden
BSQR,EZCorp,30.2711286,-97.7436995,us,
BSM,Black Stone Minerals,29.75579455,-95.36392505265292,us,
BRBR,Leading Brands,49.2608724,-123.113952,ca,British Columbia
BPY,Brookfield Property Partners,32.2956076,-64.7827048,bm,
BPOP,"Popular, Inc.",18.4292235,-66.0601256,us,Puerto Rico
BOSC,B.O.S. Better Online Solutions,31.9635712,34.8101149,il,מחוז המרכז
BOKF,BOK Financial Corporation,36.1563122,-95.9927516,us,Oklahoma
BOH,Bank of Hope,34.0617936,-118.305447,us,California
BNTX,BioNTech,49.9876395,8.27164679506326,de,Rheinland-Pfalz
BNTC,Benitec Biopharma,-37.8142454,144.9631732,au,Victoria
BMRA,IDEX Biometrics,59.9133301,10.7389701,no,
BMLP,Light & Wonder,36.1672559,-115.148516,us,Nevada
BLRX,BioLineRx,31.9085744,35.0069297,il,מחוז המרכז
BLFS,Sonifi Solutions,43.5488256,-96.7307737,us,South Dakota
BLDP,Aladdin Knowledge Systems,39.4686229,-76.2349083,us,Maryland
BK,Yellow Corporation,38.9742502,-94.6851702,us,Kansas
BJRI,BJ's Restaurants,33.6783336,-118.0000166,us,California
BIO,SRS Labs,33.7494951,-117.8732213,us,California
BILI,Bilibili,31.2323437,121.4691024,cn,上海市
BIDU,Baidu,39.9057136,116.3912972,cn,北京市
BHAT,Pactiv Evergreen,42.2586461,-87.8407055,us,Illinois
BGFV,Big 5 Sporting Goods,33.917028,-118.4156337,us,California
BDTX,Black Diamond Equipment,40.6710765,-111.8250278,us,Utah
BCRX,BioCryst Pharmaceuticals,35.996653,-78.9018053,us,North Carolina
BATRA,Liberty Media,39.3420437,-104.9468945,us,Colorado
BANR,Banner Bank,46.2055155,-118.5174284,us,Washington
BAND,Bandwidth (company),35.7803977,-78.6390989,us,North Carolina
BANC,Banc of California,33.7494951,-117.8732213,us,California
AZZ,"Spyglass, Inc.",41.7728699,-88.1479278,us,Illinois
AZN,AstraZeneca,52.2055314,0.1186637,gb,England
AXAS,Petco,32.7174202,-117.1627728,us,California
AX,Axos Financial,36.1672559,-115.148516,us,Nevada
AWRE,"Aware, Inc.",42.4917301,-71.2817947,us,Massachusetts
AVNW,Aviat Networks,30.2711286,-97.7436995,us,
AVID,Avid Technology,42.5048167,-71.1956111,us,Massachusetts
AVDL,Avadel Pharmaceuticals,53.3498006,-6.2602964,ie,
AVAV,AeroVironment,38.8769326,-77.0893094,us,Virginia
AUMN,iPass (company),37.5318804,-122.2480219,us,California
AUBN,Auburn National Bancorporation,32.6098566,-85.4807825,us,Alabama
AUB,Atlantic Union Bank,37.5385087,-77.43428,us,Virginia
ATVI,Activision Blizzard,34.0194704,-118.491227,us,California
ATV,DZS,33.0136764,-96.6925096,us,Texas
ATRI,Aixtron,50.8684545,6.0950514,de,Nordrhein-Westfalen
ATNI,ASM International,52.3705038,5.2185859,nl,Flevoland
ATLC,Antelope Enterprise Holdings,24.784435,118.5477505,cn,福建省
ATGE,Adtran,34.729847,-86.5859011,us,Alabama
ASUR,Asure Software,30.2711286,-97.7436995,us,
ASTC,Arotech Corporation,38.6920451,-75.4013315,us,Delaware
ASRV,AmeriServ Financial,40.3267407,-78.9219698,us,Pennsylvania
ASRT,Assertio Therapeutics,37.5296593,-122.0402399,us,California
ASNA,Ascena Retail Group,41.0887072,-74.1437552,us,New Jersey
ASML,ASML Holding,51.4190691,5.4045572,nl,Noord-Brabant
ASC,DryShips,37.9839412,23.7283052,gr,Αποκεντρωμένη Διοίκηση Αττικής
ARQT,Northwest Biotherapeutics,38.98127255,-77.12335871396549,us,Maryland
ARNC,Arctic Cat,48.1172301,-96.1770667,us,Minnesota
ARNA,Acura Pharmaceuticals,42.1105779,-88.0336888,us,Illinois
ARCT,Arcturus Therapeutics,32.7174202,-117.1627728,us,California
APOP,Cellebrite,32.0877639,34.8859985,il,מחוז המרכז
APO,Jowell Global,31.2323437,121.4691024,cn,上海市
APM,Apptio,47.6144219,-122.192337,us,Washington
APAM,Arteris,37.2870626,-121.9448818,us,California
AOBC,American Outdoor Brands,38.951883,-92.3337366,us,Missouri
ANH,Ashworth (clothing),39.7837304,-100.445882,us,Kansas
ANGO,Anghami,24.4538352,54.3774014,ae,أبو ظبي
ANET,Aruba Networks,37.2333253,-121.6846349,us,California
ANDE,The Andersons,41.5628294,-83.6538244,us,Ohio
AN,AutoNavi,39.9057136,116.3912972,cn,北京市
AMWD,American Woodmark,39.12054585,-78.19432292043899,us,Virginia
AMSF,"F5, Inc.",47.6503869,-122.3066356873096,us,Washington
AMRB,American River Bank,38.5810606,-121.493895,us,California
AMPH,Appharvest,38.1839705,-83.4326841,us,Kentucky
AMPE,Amylin Pharmaceuticals,32.7174202,-117.1627728,us,California
AMCX,AMC Networks,40.6120637,-74.0597827,us,New York
AMBA,Ambarella Inc.,37.2333253,-121.6846349,us,California
AMAG,AMAG Pharmaceuticals,39.7837304,-100.445882,us,Kansas
ALYA,Alithya,45.5031824,-73.5698065,ca,Québec
ALTR,Altair Engineering,42.6055893,-83.1499304,us,Michigan
ALTM,Yatra (company),28.4646148,77.0299194,in,Haryana
ALSK,Alaska Communications,61.2163129,-149.894852,us,Alaska
ALPN,GlobeImmune,39.977763,-105.1319296,us,Colorado
ALLO,Alludo,45.4208777,-75.6901106,ca,Ontario
ALKS,Alkermes (company),53.3498006,-6.2602964,ie,
ALK,Ambassadors Group,47.6571934,-117.42351,us,Washington
ALIM,Alimera Sciences,34.0709576,-84.2747329,us,Georgia
ALGT,Telos (company),39.0300191,-77.46964646557657,us,Virginia
ALEX,Alexander & Baldwin,21.304547,-157.855676,us,Hawaii
ALE,"Vertex, Inc.",40.09476245,-75.3851333563417,us,Pennsylvania
AIN,Altaba,40.7127281,-74.0060152,us,New York
AIMC,Altra Industrial Motion,42.2205956,-71.0041229,us,Massachusetts
AHPI,Allion Healthcare,40.7934322,-73.4151214,us,New York
AGYS,Agilysys,34.0709576,-84.2747329,us,Georgia
AGTC,Applied Genetic Technologies Corporation,29.675568,-82.3640109,us,Florida
AGNCM,Sharecare,33.7489924,-84.3902644,us,Georgia
AGN,AbCellera,49.2608724,-123.113952,ca,British Columbia
AGIO,Agios Pharmaceuticals,42.3750997,-71.1056157,us,Massachusetts
AGEN,Agenus,42.4415015,-71.26305527595915,us,Massachusetts
ADXS,Advaxis,40.3492744,-74.6592958,us,New Jersey
ADX,Famous Dave's,44.9405086,-93.4638936,us,Minnesota
ADVM,Adverum Biotechnologies,37.4863239,-122.232523,us,California
ADS,Alliance MMA,40.6120637,-74.0597827,us,New York
ADPT,Analogic Corporation,42.5278731,-70.9286609,us,Massachusetts
ADP,Pubmatic,37.4863239,-122.232523,us,California
ADMA,AMD,37.2333253,-121.6846349,us,California
ACTG,Acacia Research,40.7127281,-74.0060152,us,New York
ACRE,Actuate Corporation,37.496904,-122.3330573,us,California
ACLS,Axcelis Technologies,42.5584284,-70.8800491,us,Massachusetts
ACIW,ACI Worldwide,25.7741728,-80.19362,us,Florida
ACGL,Arch Capital Group,32.2956076,-64.7827048,bm,
ACCO,HashiCorp,37.7790262,-122.419906,us,California
ACC,American Capital,38.98127255,-77.12335871396549,us,Maryland
ACAD,ARIAD Pharmaceuticals,42.3750997,-71.1056157,us,Massachusetts
ABG,REE Automotive,52.4081812,-1.510477,gb,England
ABEO,Abengoa,37.3886303,-5.9953403,es,Andalucía
ABCB,Ameristar Casinos,36.1150858,-115.173414,us,Nevada
AAWW,Atlas Air Worldwide Holdings,41.0409305,-73.7145746,us,New York
AAON,AAON,36.1563122,-95.9927516,us,Oklahoma
AAN,Alvarion,32.1676842,34.83082794429146,il,מחוז תל אביב
AAL,American Airlines Group,32.8581778,-97.3191537786133,us,Texas
AA,Actua Corporation,40.0463001,-75.3595487,us,Pennsylvania